{"mean": 0.0009547127992846072, "std": 0.02341047301888466}